nome,produto,instituicao_display_name,prazo_original,meses_restantes,tipo_grupo,vagas_totais,vagas_disponiveis,data_vencimento,data_assembleia,participa_assembleia,taxa_administracao_total,taxa_administracao_antecipada,fundo_reserva,seguro_vida,redutor,lance_embutido,lance_fixo,media_lance,lance_minimo,lance_maximo,lances_contemplados
AF095,Automóvel,Porto,50,14,Em Andamento,1,1,15/08/2025,21/08/2025,35,18.00,0,0.50,0.038,20.00,25.00,0,16.17,0.65,65.24,6
AF086,Automóvel,Porto,50,14,Em Andamento,3,3,15/08/2025,21/08/2025,35,18.00,0,0.50,0.038,20.00,25.00,0,21.18,0.67,67.30,6
AF085,Automóvel,Porto,50,14,Em Andamento,3,3,15/08/2025,21/08/2025,35,18.00,0,0.50,0.038,20.00,25.00,0,19.78,0.65,65.24,5
AF080,Automóvel,Porto,50,13,Em Andamento,5,5,15/08/2025,21/08/2025,36,18.00,0,0.50,0.038,20.00,25.00,0,20.88,0.53,53.24,1
AF079,Automóvel,Porto,50,11,Em Andamento,3,3,15/08/2025,21/08/2025,38,18.00,0,0.50,0.038,20.00,25.00,0,21.09,0.45,44.56,1
AF068,Automóvel,Porto,56,16,Em Andamento,2,2,15/08/2025,21/08/2025,39,18.00,0,0.50,0.038,20.00,25.00,0,20.71,0.49,49.39,5
AF058,Automóvel,Porto,50,10,Em Andamento,222,222,15/08/2025,21/08/2025,39,18.00,0,0.50,0.038,20.00,15.00,0,6.30,0.45,44.56,0
AF057,Automóvel,Porto,50,9,Em Andamento,8,8,15/08/2025,21/08/2025,40,18.00,0,0.50,0.038,20.00,15.00,0,12.33,0.42,41.56,2
AF056,Automóvel,Porto,50,8,Em Andamento,10,10,15/08/2025,21/08/2025,41,18.00,0,0.50,0.038,20.00,15.00,0,18.13,0.40,40.06,1
AF055,Automóvel,Porto,50,7,Em Andamento,11,11,15/08/2025,21/08/2025,42,18.00,0,0.50,0.038,20.00,15.00,0,11.26,0.34,34.45,0
AF054,Automóvel,Porto,50,6,Em Andamento,5,5,15/08/2025,21/08/2025,43,18.00,0,0.50,0.038,20.00,15.00,0,14.89,0.36,35.59,0
AF053,Automóvel,Porto,50,6,Em Andamento,3,3,15/08/2025,21/08/2025,43,18.00,0,0.50,0.038,20.00,15.00,0,14.71,0.36,35.62,2
AF052,Automóvel,Porto,50,4,Em Andamento,8,8,15/08/2025,21/08/2025,45,18.00,0,0.50,0.038,20.00,15.00,0,18.36,0.46,46.30,0
AF366,Automóvel,Porto,90,86,Em Andamento,6,6,15/08/2025,21/08/2025,3,15.00,0,2.00,0.038,20.00,15.00,40.00,57.16,0.99,98.63,4
AF361,Automóvel,Porto,50,46,Em Andamento,157,157,15/08/2025,21/08/2025,3,18.00,0,2.00,0.038,20.00,15.00,0,52.18,0.95,95.03,16
AF357,Automóvel,Porto,90,84,Em Andamento,3,3,15/08/2025,21/08/2025,5,18.00,0,2.00,0.038,25.00,15.00,0,56.88,0.96,95.90,7
AF353,Automóvel,Porto,90,83,Em Andamento,9,9,15/08/2025,21/08/2025,6,18.00,0,2.00,0.038,20.00,15.00,0,51.91,0.96,96.09,6
AF348,Automóvel,Porto,90,83,Em Andamento,7,7,15/08/2025,21/08/2025,6,18.00,0,2.00,0.038,20.00,15.00,0,53.00,0.97,96.78,6
AF346,Automóvel,Porto,90,82,Em Andamento,43,43,15/08/2025,21/08/2025,7,18.00,0,2.00,0.038,20.00,15.00,0,52.56,0.95,95.44,13
AF344,Automóvel,Porto,90,82,Em Andamento,111,111,15/08/2025,21/08/2025,7,18.00,0,2.00,0.038,20.00,15.00,0,52.44,0.95,95.44,10
AF343,Automóvel,Porto,62,54,Em Andamento,108,108,15/08/2025,21/08/2025,7,18.00,0,2.00,0.038,20.00,15.00,0,50.21,0.95,95.20,13
AF342,Automóvel,Porto,90,82,Em Andamento,168,168,15/08/2025,21/08/2025,7,18.00,0,2.00,0.038,20.00,15.00,0,52.76,0.95,95.43,4
AF340,Automóvel,Porto,90,82,Em Andamento,145,145,15/08/2025,21/08/2025,7,18.00,0,2.00,0.038,20.00,15.00,0,52.83,0.95,94.76,6
AF338,Automóvel,Porto,90,82,Em Andamento,126,126,15/08/2025,21/08/2025,7,18.00,0,2.00,0.038,20.00,15.00,0,52.30,0.95,95.43,6
AF335,Automóvel,Porto,90,82,Em Andamento,114,114,15/08/2025,21/08/2025,7,18.00,0,2.00,0.038,20.00,15.00,0,53.20,0.95,95.43,8
AF334,Automóvel,Porto,62,54,Em Andamento,17,17,15/08/2025,21/08/2025,7,18.00,0,2.00,0.038,20.00,15.00,0,48.52,0.93,93.13,12
AF328,Automóvel,Porto,72,60,Em Andamento,1,1,15/08/2025,21/08/2025,11,18.00,0,2.00,0.038,20.00,30.00,0,54.60,0.94,93.81,12
AF327,Automóvel,Porto,72,60,Em Andamento,2,2,15/08/2025,21/08/2025,11,18.00,0,2.00,0.038,20.00,30.00,0,53.79,0.94,93.80,10
AF326,Automóvel,Porto,72,60,Em Andamento,38,38,15/08/2025,21/08/2025,11,18.00,0,2.00,0.038,20.00,30.00,0,54.59,0.94,93.80,4
AF324,Automóvel,Porto,80,68,Em Andamento,30,30,15/08/2025,21/08/2025,11,16.00,0,2.00,0.038,20.00,30.00,0,60.06,0.94,93.86,7
AF323,Automóvel,Porto,80,68,Em Andamento,78,78,15/08/2025,21/08/2025,11,16.00,0,2.00,0.038,20.00,30.00,0,59.51,0.94,93.86,9
AF322,Automóvel,Porto,80,68,Em Andamento,50,50,15/08/2025,21/08/2025,11,16.00,0,2.00,0.038,20.00,30.00,0,58.61,0.94,94.42,6
AF321,Automóvel,Porto,80,68,Em Andamento,41,41,15/08/2025,21/08/2025,11,16.00,0,2.00,0.038,20.00,30.00,0,62.31,0.94,93.86,1
AF320,Automóvel,Porto,72,60,Em Andamento,77,77,15/08/2025,21/08/2025,11,18.00,0,2.00,0.038,20.00,30.00,0,53.13,0.94,93.81,11
AF319,Automóvel,Porto,72,60,Em Andamento,61,61,15/08/2025,21/08/2025,11,18.00,0,2.00,0.038,20.00,30.00,0,53.58,0.93,93.19,9
AF318,Automóvel,Porto,72,60,Em Andamento,66,66,15/08/2025,21/08/2025,11,18.00,0,2.00,0.038,20.00,30.00,0,55.67,0.94,94.44,9
AF317,Automóvel,Porto,72,60,Em Andamento,109,109,15/08/2025,21/08/2025,11,18.00,0,2.00,0.038,20.00,30.00,0,54.21,0.94,93.81,9
AF316,Automóvel,Porto,80,68,Em Andamento,86,86,15/08/2025,21/08/2025,11,16.00,0,2.00,0.038,20.00,30.00,0,57.80,0.94,94.42,9
AF315,Automóvel,Porto,80,68,Em Andamento,101,101,15/08/2025,21/08/2025,11,16.00,0,2.00,0.038,20.00,30.00,0,58.23,0.94,94.42,4
AF314,Automóvel,Porto,80,68,Em Andamento,97,97,15/08/2025,21/08/2025,11,16.00,0,2.00,0.038,20.00,30.00,0,58.44,0.94,93.86,2
AF313,Automóvel,Porto,72,60,Em Andamento,125,125,15/08/2025,21/08/2025,11,18.00,0,2.00,0.038,20.00,30.00,0,52.94,0.94,93.81,7
AF312,Automóvel,Porto,72,60,Em Andamento,125,125,15/08/2025,21/08/2025,11,18.00,0,2.00,0.038,20.00,30.00,0,53.33,0.93,93.19,6
AF311,Automóvel,Porto,72,60,Em Andamento,130,130,15/08/2025,21/08/2025,11,18.00,0,2.00,0.038,20.00,30.00,0,53.46,0.94,93.81,9
AF310,Automóvel,Porto,50,38,Em Andamento,247,247,15/08/2025,21/08/2025,11,18.00,0,2.00,0.038,20.00,30.00,0,48.01,0.91,90.75,4
AF309,Automóvel,Porto,50,38,Em Andamento,72,72,15/08/2025,21/08/2025,11,18.00,0,2.00,0.038,20.00,30.00,0,45.86,0.90,89.83,16
AF308,Automóvel,Porto,50,38,Em Andamento,103,103,15/08/2025,21/08/2025,11,18.00,0,2.00,0.038,20.00,30.00,0,49.80,0.91,90.75,10
AF307,Automóvel,Porto,80,68,Em Andamento,102,102,15/08/2025,21/08/2025,11,16.00,0,2.00,0.038,20.00,30.00,0,57.93,0.95,94.98,4
AF306,Automóvel,Porto,72,60,Em Andamento,113,113,15/08/2025,21/08/2025,11,18.00,0,2.00,0.038,20.00,30.00,0,54.08,0.94,93.81,7
AF305,Automóvel,Porto,72,60,Em Andamento,18,18,15/08/2025,21/08/2025,11,18.00,0,2.00,0.038,20.00,30.00,0,53.63,0.94,93.81,1
AF303,Automóvel,Porto,72,60,Em Andamento,203,203,15/08/2025,21/08/2025,11,18.00,0,2.00,0.038,20.00,30.00,0,59.60,0.94,93.82,7
AF302,Automóvel,Porto,80,68,Em Andamento,51,51,15/08/2025,21/08/2025,11,16.00,0,2.00,0.038,20.00,30.00,0,60.61,0.94,94.43,7
AF301,Automóvel,Porto,80,68,Em Andamento,118,118,15/08/2025,21/08/2025,11,16.00,0,2.00,0.038,20.00,30.00,0,60.53,0.94,94.43,3
AF300,Automóvel,Porto,72,60,Em Andamento,163,163,15/08/2025,21/08/2025,11,18.00,0,2.00,0.038,20.00,30.00,0,56.70,0.94,93.81,2
AF299,Automóvel,Porto,80,68,Em Andamento,92,92,15/08/2025,21/08/2025,11,16.00,0,2.00,0.038,20.00,30.00,0,56.65,0.94,94.43,5
AF298,Automóvel,Porto,72,60,Em Andamento,117,117,15/08/2025,21/08/2025,11,18.00,0,2.00,0.038,20.00,30.00,0,53.68,0.94,93.81,3
AF297,Automóvel,Porto,72,60,Em Andamento,89,89,15/08/2025,21/08/2025,11,18.00,0,2.00,0.038,20.00,30.00,0,52.12,0.94,93.80,8
AF296,Automóvel,Porto,50,38,Em Andamento,53,53,15/08/2025,21/08/2025,11,18.00,0,2.00,0.038,20.00,30.00,0,48.55,0.93,93.39,12
AF295,Automóvel,Porto,80,68,Em Andamento,99,99,15/08/2025,21/08/2025,11,16.00,0,2.00,0.038,20.00,30.00,0,56.63,0.94,94.42,4
AF294,Automóvel,Porto,80,68,Em Andamento,109,109,15/08/2025,21/08/2025,11,16.00,0,2.00,0.038,20.00,30.00,0,57.36,0.96,95.53,5
AF293,Automóvel,Porto,80,68,Em Andamento,131,131,15/08/2025,21/08/2025,11,16.00,0,2.00,0.038,20.00,30.00,0,56.63,0.94,94.42,8
AF291,Automóvel,Porto,72,60,Em Andamento,180,180,15/08/2025,21/08/2025,11,18.00,0,2.00,0.038,20.00,30.00,0,55.20,0.93,93.19,7
AF290,Automóvel,Porto,72,60,Em Andamento,84,84,15/08/2025,21/08/2025,11,18.00,0,2.00,0.038,20.00,30.00,0,52.41,0.94,93.81,10
AF289,Automóvel,Porto,72,60,Em Andamento,114,114,15/08/2025,21/08/2025,11,18.00,0,2.00,0.038,20.00,30.00,0,53.64,0.94,93.81,9
AF287,Automóvel,Porto,50,38,Em Andamento,42,42,15/08/2025,21/08/2025,11,18.00,0,2.00,0.038,20.00,30.00,0,49.43,0.91,90.75,16
AF286,Automóvel,Porto,72,59,Em Andamento,30,30,15/08/2025,21/08/2025,12,18.00,0,2.00,0.038,20.00,15.00,0,55.32,0.90,89.76,8
AF285,Automóvel,Porto,80,67,Em Andamento,96,96,15/08/2025,21/08/2025,12,16.00,0,2.00,0.038,20.00,25.00,0,58.53,0.92,91.92,8
AF283,Automóvel,Porto,72,58,Em Andamento,80,80,15/08/2025,21/08/2025,13,18.00,0,2.00,0.038,20.00,25.00,0,50.92,0.90,90.22,9
AF282,Automóvel,Porto,90,77,Em Andamento,104,104,15/08/2025,21/08/2025,12,15.00,0,2.00,0.038,20.00,25.00,0,61.20,0.93,92.89,3
AF281,Automóvel,Porto,80,66,Em Andamento,66,66,15/08/2025,21/08/2025,13,16.00,0,2.00,0.038,20.00,25.00,0,55.92,0.92,91.92,13
AF280,Automóvel,Porto,50,36,Em Andamento,89,89,15/08/2025,21/08/2025,13,18.00,0,2.00,0.038,20.00,25.00,0,47.31,0.85,85.09,17
AF279,Automóvel,Porto,72,58,Em Andamento,150,150,15/08/2025,21/08/2025,13,18.00,0,2.00,0.038,20.00,25.00,0,52.58,0.90,90.22,6
AF278,Automóvel,Porto,72,57,Em Andamento,117,117,15/08/2025,21/08/2025,14,18.00,0,2.00,0.038,20.00,30.00,0,53.17,0.92,91.62,13
AF277,Automóvel,Porto,72,56,Em Andamento,146,146,15/08/2025,21/08/2025,15,18.00,0,2.00,0.038,20.00,30.00,0,53.05,0.90,89.90,15
AF276,Automóvel,Porto,90,78,Em Andamento,28,28,15/08/2025,21/08/2025,11,15.00,0,2.00,0.038,20.00,30.00,0,61.26,0.95,95.07,5
AF275,Automóvel,Porto,90,78,Em Andamento,96,96,15/08/2025,21/08/2025,11,15.00,0,2.00,0.038,20.00,30.00,0,62.88,0.95,94.58,6
AF274,Automóvel,Porto,90,78,Em Andamento,55,55,15/08/2025,21/08/2025,11,15.00,0,2.00,0.038,20.00,30.00,0,62.21,0.95,95.08,4
AF272,Automóvel,Porto,90,74,Em Andamento,1,1,15/08/2025,21/08/2025,15,15.00,0,2.00,0.038,20.00,30.00,0,58.93,0.92,91.98,9
AF271,Automóvel,Porto,80,68,Em Andamento,82,82,15/08/2025,21/08/2025,11,16.00,0,2.00,0.038,20.00,30.00,0,57.93,0.94,93.86,10
AF270,Automóvel,Porto,80,65,Em Andamento,60,60,15/08/2025,21/08/2025,14,16.00,0,2.00,0.038,20.00,30.00,0,55.72,0.92,91.67,14
AF269,Automóvel,Porto,80,64,Em Andamento,56,56,15/08/2025,21/08/2025,15,16.00,0,2.00,0.038,20.00,30.00,0,55.61,0.91,90.90,14
AF268,Automóvel,Porto,80,64,Em Andamento,47,47,15/08/2025,21/08/2025,15,16.00,0,2.00,0.038,20.00,30.00,0,55.26,0.89,89.17,9
AF264,Automóvel,Porto,80,63,Em Andamento,43,43,15/08/2025,21/08/2025,16,16.00,0,2.00,0.038,20.00,30.00,0,54.05,0.90,90.14,15
AF263,Automóvel,Porto,72,56,Em Andamento,109,109,15/08/2025,21/08/2025,15,18.00,0,2.00,0.038,20.00,30.00,0,53.74,0.90,89.90,14
AF262,Automóvel,Porto,72,56,Em Andamento,135,135,15/08/2025,21/08/2025,15,18.00,0,2.00,0.038,20.00,30.00,0,50.41,0.89,89.04,6
AF261,Automóvel,Porto,72,56,Em Andamento,120,120,15/08/2025,21/08/2025,15,18.00,0,2.00,0.038,20.00,30.00,0,53.92,0.90,89.90,5
AF260,Automóvel,Porto,72,56,Em Andamento,182,182,15/08/2025,21/08/2025,15,18.00,0,2.00,0.038,20.00,30.00,0,50.47,0.89,89.04,10
AF259,Automóvel,Porto,72,56,Em Andamento,134,134,15/08/2025,21/08/2025,15,18.00,0,2.00,0.038,20.00,30.00,0,53.47,0.90,89.90,8
AF258,Automóvel,Porto,72,56,Em Andamento,116,116,15/08/2025,21/08/2025,15,18.00,0,2.00,0.038,20.00,30.00,0,50.78,0.90,89.97,10
AF257,Automóvel,Porto,72,56,Em Andamento,157,157,15/08/2025,21/08/2025,15,18.00,0,2.00,0.038,20.00,30.00,0,52.20,0.90,89.90,10
AF256,Automóvel,Porto,72,55,Em Andamento,152,152,15/08/2025,21/08/2025,16,18.00,0,2.00,0.038,20.00,30.00,0,54.09,0.89,89.04,9
AF255,Automóvel,Porto,50,38,Em Andamento,15,15,15/08/2025,21/08/2025,11,18.00,0,2.00,0.038,20.00,30.00,0,48.12,0.91,90.75,17
AF254,Automóvel,Porto,50,38,Em Andamento,70,70,15/08/2025,21/08/2025,11,18.00,0,2.00,0.038,20.00,30.00,0,49.15,0.91,90.75,12
AF253,Automóvel,Porto,50,35,Em Andamento,33,33,15/08/2025,21/08/2025,14,18.00,0,2.00,0.038,20.00,30.00,0,49.04,0.86,85.98,23
AF252,Automóvel,Porto,50,34,Em Andamento,18,18,15/08/2025,21/08/2025,15,18.00,0,2.00,0.038,20.00,30.00,0,48.20,0.85,84.73,25
AF251,Automóvel,Porto,50,34,Em Andamento,29,29,15/08/2025,21/08/2025,15,18.00,0,2.00,0.038,20.00,30.00,0,47.33,0.85,84.73,34
AF250,Automóvel,Porto,90,78,Em Andamento,111,111,15/08/2025,21/08/2025,11,15.00,0,2.00,0.038,20.00,30.00,0,63.45,0.95,95.07,7
AF249,Automóvel,Porto,72,60,Em Andamento,78,78,15/08/2025,21/08/2025,11,18.00,0,2.00,0.038,20.00,30.00,0,57.08,0.94,93.81,3
AF246,Automóvel,Porto,50,40,Em Andamento,12,12,15/08/2025,21/08/2025,9,18.00,0,2.00,0.038,20.00,15.00,30.00,47.96,0.88,88.16,22
VP032,Veículos Pesados,Porto,120,110,Em Andamento,1,1,15/08/2025,21/08/2025,9,14.00,0,2.00,0.038,20.00,30.00,40.00,66.35,0.97,97.49,6
VP029,Veículos Pesados,Porto,120,109,Em Andamento,153,153,15/08/2025,21/08/2025,10,14.00,0,2.00,0.038,20.00,30.00,40.00,69.12,0.97,96.78,1
VP028,Veículos Pesados,Porto,120,108,Em Andamento,55,55,15/08/2025,21/08/2025,11,14.00,0,2.00,0.038,20.00,30.00,40.00,64.77,0.96,96.42,9
VP027,Veículos Pesados,Porto,120,105,Em Andamento,69,69,15/08/2025,21/08/2025,14,14.00,0,2.00,0.038,20.00,30.00,40.00,66.57,0.94,93.76,5
VP024,Veículos Pesados,Porto,120,98,Em Andamento,25,25,15/08/2025,21/08/2025,21,14.00,0,2.00,0.038,20.00,30.00,40.00,64.18,0.92,92.09,9
VP023,Veículos Pesados,Porto,120,93,Em Andamento,13,13,15/08/2025,21/08/2025,26,14.00,0,1.75,0.038,20.00,30.00,40.00,65.13,0.86,86.28,4
AF399,Automóvel,Porto,72,71,Em Formação,88,88,-,-,1,18.00,0,2.00,0.038,20.00,15.00,0,-,0.99,99.24,0
AF396,Automóvel,Porto,50,49,Em Formação,441,441,-,-,1,18.00,0,2.00,0.038,20.00,15.00,0,-,0.99,98.85,0
A0288,Automóvel,Porto,80,4,Em Andamento,5,5,15/08/2025,21/08/2025,75,16.50,0,0.50,0.038,0,0,0,-,0.09,7.50,0
A0289,Automóvel,Porto,80,4,Em Andamento,5,5,15/08/2025,21/08/2025,"75
VALOR DO CREDITO",16.50,0,0.50,0.038,0,0,0,-,0.11,9.15,0
A0294,Automóvel,Porto,80,9,Em Andamento,1,1,15/08/2025,21/08/2025,"70
VALOR DO CREDITO",15.50,0,0.50,0.038,0,20.00,0,11.73,0.20,15.75,1
A0301,Automóvel,Porto,72,4,Em Andamento,2,2,15/08/2025,21/08/2025,"67
 VALOR DO CREDITO",18.00,0,0.50,0.038,0,0,0,9.23,0.14,9.72,0
A0302,Automóvel,Porto,72,5,Em Andamento,3,3,15/08/2025,21/08/2025,"66
VALOR DO CREDITO",18.00,0,0.50,0.038,0,0,0,-,0.07,5.04,0
A0303,Automóvel,Porto,72,8,Em Andamento,4,4,15/08/2025,21/08/2025,"63
VALOR DO CREDITO",18.00,0,0.50,0.038,0,0,0,12.08,0.19,13.46,0
A0304,Automóvel,Porto,72,9,Em Andamento,3,3,15/08/2025,21/08/2025,"62
VALOR DO CREDITO",18.00,0,0.50,0.038,0,0,0,2.42,0.29,21.16,1
A0305,Automóvel,Porto,72,10,Em Andamento,3,3,15/08/2025,21/08/2025,"61
VALOR DO CREDITO",18.00,0,0.50,0.038,0,0,0,9.42,0.52,37.54,2
A0306,Automóvel,Porto,72,10,Em Andamento,6,6,15/08/2025,21/08/2025,"61
VALOR DO CREDITO",18.00,0,0.50,0.038,0,0,0,16.36,0.52,37.54,0
A0307,Automóvel,Porto,72,11,Em Andamento,5,5,15/08/2025,21/08/2025,"60
VALOR DO CREDITO",18.00,0,0.50,0.038,0,0,0,13.61,0.54,38.58,1
A0308,Automóvel,Porto,72,11,Em Andamento,2,2,15/08/2025,21/08/2025,"60
VALOR DO CRÉDITO",18.00,0,0.50,0.038,0,0,0,13.75,0.52,37.53,1
A0309,Automóvel,Porto,72,12,Em Andamento,7,7,15/08/2025,21/08/2025,"59
VALOR DO CREDITO",18.00,0,0.50,0.038,0,0,0,13.01,0.29,21.12,0
A0310,Automóvel,Porto,72,13,Em Andamento,5,5,15/08/2025,21/08/2025,"58
VALOR DO CRÉDITO",18.00,0,0.50,0.038,0,0,0,16.45,0.29,20.83,0
A0311,Automóvel,Porto,72,13,Em Andamento,5,5,15/08/2025,21/08/2025,"58
VALOR DO CREDITO",18.00,0,0.50,0.038,0,0,0,12.67,0.48,34.49,4
A0312,Automóvel,Porto,72,13,Em Andamento,2,2,15/08/2025,21/08/2025,"58
VALOR DO CREDITO",18.00,0,0.50,0.038,0,0,0,15.83,0.51,36.70,2
A0313,Automóvel,Porto,72,14,Em Andamento,3,3,15/08/2025,21/08/2025,"57
VALOR DO CRÉDITO",18.00,0,0.50,0.038,0,0,0,12.17,0.53,37.81,3
A0314,Automóvel,Porto,72,14,Em Andamento,6,6,15/08/2025,21/08/2025,"57
VALOR DO CRÉDITO",18.00,0,0.50,0.038,0,0,0,12.79,0.53,37.81,0
A0315,Automóvel,Porto,72,14,Em Andamento,5,5,15/08/2025,21/08/2025,"57
VALOR DO CRÉDITO",18.00,0,0.50,0.038,0,0,0,11.55,0.31,22.22,0
A0316,Automóvel,Porto,72,15,Em Andamento,6,6,15/08/2025,21/08/2025,"56
VALOR DO CRÉDITO",18.00,0,0.50,0.038,0,0,0,11.49,0.31,22.22,1
A0318,Automóvel,Porto,72,16,Em Andamento,1,1,15/08/2025,21/08/2025,"55
VALOR DO CRÉDITO",18.00,0,0.50,0.038,0,0,0,10.54,0.39,27.78,2
AF002,Automóvel,Porto,72,17,Em Andamento,2,2,15/08/2025,21/08/2025,"54
VALOR DO CRÉDITO",18.00,0,0.50,0.038,20.00,15.00,0,11.74,0.41,41.15,5
AF006,Automóvel,Porto,72,18,Em Andamento,1,1,15/08/2025,21/08/2025,"53
VALOR DO CREDITO",18.00,0,0.50,0.038,20.00,15.00,0,17.22,0.44,44.49,10
AF103,Automóvel,Porto,72,36,Em Andamento,11,11,15/08/2025,21/08/2025,"35
VALOR DO CRÉDITO",18.00,0,0.50,0.038,20.00,25.00,0,46.47,0.77,76.64,23
AF105,Automóvel,Porto,80,44,Em Andamento,1,1,15/08/2025,21/08/2025,"35
VALOR DO CRÉDITO",16.00,0,0.50,0.038,20.00,25.00,0,46.87,0.79,78.96,3
AF115,Automóvel,Porto,72,36,Em Andamento,10,10,15/08/2025,21/08/2025,"35
VALOR DO CRÉDITO",18.00,0,0.50,0.038,20.00,25.00,0,47.30,0.77,77.06,13
AF118,Automóvel,Porto,50,14,Em Andamento,9,9,15/08/2025,21/08/2025,"35
VALOR DO CRÉDITO",18.00,0,0.50,0.038,20.00,25.00,0,17.56,0.66,66.26,0
AF119,Automóvel,Porto,80,44,Em Andamento,1,1,15/08/2025,21/08/2025,"35
VALOR DO CRÉDITO",16.00,0,0.50,0.038,20.00,25.00,0,46.70,0.79,78.96,4
AF121,Automóvel,Porto,50,14,Em Andamento,11,11,15/08/2025,21/08/2025,"35
VALOR DO CRÉDITO",18.00,0,0.50,0.038,20.00,25.00,0,17.25,0.67,67.27,7
AF122,Automóvel,Porto,72,36,Em Andamento,8,8,15/08/2025,21/08/2025,"35
VALOR DO CRÉDITO",18.00,0,0.50,0.038,20.00,25.00,0,46.43,0.77,76.64,18
AF124,Automóvel,Porto,72,36,Em Andamento,21,21,15/08/2025,21/08/2025,"35
VALOR DO CRÉDITO",18.00,0,0.50,0.038,20.00,25.00,0,47.34,0.79,78.74,16
AF125,Automóvel,Porto,50,14,Em Andamento,6,6,15/08/2025,21/08/2025,"35
VALOR DO CRÉDITO",18.00,0,0.50,0.038,20.00,25.00,0,22.71,0.66,66.26,3
AF127,Automóvel,Porto,50,14,Em Andamento,14,14,15/08/2025,21/08/2025,"35
VALOR DO CRÉDITO",18.00,0,0.50,0.038,20.00,25.00,0,19.82,0.76,75.55,5
AF128,Automóvel,Porto,72,36,Em Andamento,43,43,15/08/2025,21/08/2025,"35
VALOR DO CRÉDITO",18.00,0,0.50,0.038,20.00,25.00,0,46.68,0.76,75.94,9
AF129,Automóvel,Porto,80,44,Em Andamento,1,1,15/08/2025,21/08/2025,"35
VALOR DO CRÉDITO",16.00,0,0.50,0.038,20.00,25.00,0,53.06,0.80,79.59,5
AF131,Automóvel,Porto,72,36,Em Andamento,1,1,15/08/2025,21/08/2025,"35
VALOR DO CRÉDITO",18.00,0,0.50,0.038,20.00,25.00,0,44.07,0.77,76.64,13
AF132,Automóvel,Porto,80,44,Em Andamento,1,1,15/08/2025,21/08/2025,"35
VALOR DO CRÉDITO",16.00,0,0.50,0.038,20.00,25.00,0,49.61,0.79,78.96,3
AF133,Automóvel,Porto,72,36,Em Andamento,13,13,15/08/2025,21/08/2025,"35
VALOR DO CRÉDITO",18.00,0,0.50,0.038,20.00,25.00,0,47.26,0.76,75.94,10
AF134,Automóvel,Porto,72,37,Em Andamento,5,5,15/08/2025,21/08/2025,"34
VALOR DO CRÉDITO",18.00,0,0.50,0.038,20.00,25.00,0,45.96,0.77,77.33,10
AF136,Automóvel,Porto,72,38,Em Andamento,7,7,15/08/2025,21/08/2025,"33
VALOR DO CRÉDITO",18.00,0,0.50,0.038,20.00,15.00,0,46.02,0.64,64.48,8
AF137,Automóvel,Porto,50,17,Em Andamento,2,2,15/08/2025,21/08/2025,32,18.00,0,0.50,0.038,20.00,15.00,0,22.51,0.49,48.85,5
AF139,,Porto,,0,,,0,,,,,,,,,,,,,,
AF140,Automóvel,Porto,50,18,Em Andamento,1,1,15/08/2025,21/08/2025,"31
VALOR DO CRÉDITO",18.00,0,0.50,0.038,20.00,25.00,0,22.05,0.55,55.06,12
AF141,Automóvel,Porto,72,38,Em Andamento,68,68,15/08/2025,21/08/2025,"33
VALOR DO CRÉDITO",18.00,0,0.50,0.038,20.00,15.00,0,53.46,0.64,64.48,15
AF143,Automóvel,Porto,50,17,Em Andamento,2,2,15/08/2025,21/08/2025,"32
VALOR DO CRÉDITO",18.00,0,0.50,0.038,20.00,25.00,0,22.18,0.54,53.56,7
AF146,Automóvel,Porto,50,22,Em Andamento,1,1,15/08/2025,21/08/2025,"27
VALOR DO CRÉDITO",18.00,0,0.50,0.038,20.00,15.00,0,27.89,0.69,68.71,15
AF148,Automóvel,Porto,72,39,Em Andamento,9,9,15/08/2025,21/08/2025,"32
VALOR DO CRÉDITO",18.00,0,0.50,0.038,20.00,25.00,0,46.86,0.70,69.84,11
AF151,Automóvel,Porto,72,41,Em Andamento,1,1,15/08/2025,21/08/2025,"30
VALOR DO CRÉDITO",18.00,0,0.50,0.038,20.00,15.00,0,44.25,0.68,67.82,14
AF152,Automóvel,Porto,72,42,Em Andamento,1,1,15/08/2025,21/08/2025,"29
VALOR DO CRÉDITO",18.00,0,0.50,0.038,20.00,15.00,0,45.59,0.69,68.93,13
AF156,Automóvel,Porto,80,49,Em Andamento,1,1,15/08/2025,21/08/2025,"30
VALOR DO CRÉDITO",16.00,0,0.50,0.038,20.00,15.00,0,51.85,0.71,71.03,4
AF161,Automóvel,Porto,90,66,Em Andamento,10,10,15/08/2025,21/08/2025,"23
VALOR DO CRÉDITO",15.00,0,0.50,0.038,20.00,25.00,0,58.39,0.82,82.09,13
AF164,Automóvel,Porto,72,44,Em Andamento,65,65,15/08/2025,21/08/2025,"27
VALOR DO CRÉDITO",18.00,0,0.50,0.038,20.00,15.00,0,47.57,0.80,79.68,16
AF166,Automóvel,Porto,72,44,Em Andamento,117,117,15/08/2025,21/08/2025,"27
VALOR DO CRÉDITO",18.00,0,0.50,0.038,20.00,15.00,0,48.42,0.80,79.69,15
AF167,Automóvel,Porto,72,44,Em Andamento,11,11,15/08/2025,21/08/2025,"27
VALOR DO CRÉDITO",18.00,0,0.50,0.038,20.00,15.00,0,49.32,0.80,79.69,8
AF169,Automóvel,Porto,72,44,Em Andamento,57,57,15/08/2025,21/08/2025,"27
VALOR DO CRÉDITO",18.00,0,0.50,0.038,20.00,15.00,0,50.96,0.81,81.40,14
AF170,Automóvel,Porto,72,45,Em Andamento,18,18,15/08/2025,21/08/2025,"26
VALOR DO CRÉDITO",18.00,0,0.50,0.038,20.00,15.00,0,49.04,0.80,79.68,16
AF171,Automóvel,Porto,72,45,Em Andamento,55,55,15/08/2025,21/08/2025,"26
VALOR DO CRÉDITO",18.00,0,0.50,0.038,20.00,15.00,0,47.38,0.81,80.55,8
AF172,Automóvel,Porto,72,45,Em Andamento,27,27,15/08/2025,21/08/2025,"26
VALOR DO CRÉDITO",18.00,0,0.50,0.038,20.00,15.00,0,49.76,0.80,79.68,12
AF173,Automóvel,Porto,78,51,Em Andamento,32,32,15/08/2025,21/08/2025,"26
VALOR DO CRÉDITO",18.00,0,0.50,0.038,20.00,15.00,0,49.53,0.76,76.16,22
AF180,Automóvel,Porto,78,52,Em Andamento,39,39,15/08/2025,21/08/2025,"25
VALOR DO CRÉDITO",18.00,0,0.50,0.038,20.00,15.00,0,50.86,0.77,77.22,11
AF181,Automóvel,Porto,72,47,Em Andamento,21,21,15/08/2025,21/08/2025,"24
VALOR DO CRÉDITO",18.00,0,0.50,0.038,20.00,15.00,0,47.59,0.83,83.10,25
AF183,Automóvel,Porto,80,56,Em Andamento,17,17,15/08/2025,21/08/2025,"23
VALOR DO CRÉDITO",16.00,0,2.00,0.038,20.00,25.00,0,53.51,0.86,86.16,12
AF186,Automóvel,Porto,80,56,Em Andamento,12,12,15/08/2025,21/08/2025,"23
VALOR DO CRÉDITO",16.00,0,2.00,0.038,20.00,25.00,0,53.64,0.87,87.37,14
AF187,Automóvel,Porto,72,48,Em Andamento,73,73,15/08/2025,21/08/2025,"23
VALOR DO CRÉDITO",18.00,0,2.00,0.038,20.00,25.00,0,49.41,0.78,77.78,12
AF188,Automóvel,Porto,72,48,Em Andamento,50,50,15/08/2025,21/08/2025,"23
VALOR DO CRÉDITO",18.00,0,2.00,0.038,20.00,25.00,0,52.18,0.86,85.98,12
AF189,Automóvel,Porto,72,48,Em Andamento,46,46,15/08/2025,21/08/2025,"23
VALOR DO CRÉDITO",18.00,0,2.00,0.038,20.00,25.00,0,50.52,0.86,85.96,11
AF019,Automóvel,Porto,72,48,Em Andamento,69,69,15/08/2025,21/08/2025,"23

VALOR DO CRÉDITO",18.00,0,2.00,0.038,20.00,25.00,0,50.36,0.86,85.96,11
AF191,Automóvel,Porto,72,48,Em Andamento,20,20,15/08/2025,21/08/2025,"23
VALOR DO CRÉDITO",18.00,0,2.00,0.038,20.00,25.00,0,50.35,0.85,85.26,16
AF192,Automóvel,Porto,72,47,Em Andamento,55,55,15/08/2025,21/08/2025,"24

VALOR DO CRÉDITO",18.00,0,0.50,0.038,20.00,25.00,0,48.05,0.77,76.58,23
AF193,Automóvel,Porto,80,56,Em Andamento,3,3,15/08/2025,21/08/2025,"23

VALOR DO CRÉDITO",16.00,0,0.50,0.038,20.00,25.00,0,52.18,0.79,78.94,11
AF194,Automóvel,Porto,50,26,Em Andamento,10,10,15/08/2025,21/08/2025,"23

VALOR DO CRÉDITO",18.00,0,2.00,0.038,20.00,25.00,0,38.74,0.65,64.86,20
AF195,Automóvel,Porto,72,48,Em Andamento,62,62,15/08/2025,21/08/2025,"23

VALOR DO CRÉDITO",18.00,0,2.00,0.038,20.00,25.00,0,49.76,0.85,85.24,8
AF196,Automóvel,Porto,80,56,Em Andamento,19,19,15/08/2025,21/08/2025,"23

VALOR DO CRÉDITO",16.00,0,2.00,0.038,20.00,25.00,0,54.38,0.87,87.37,13
AF197,Automóvel,Porto,50,26,Em Andamento,1,1,15/08/2025,21/08/2025,"23

VALOR DO CRÉDITO",18.00,0,2.00,0.038,20.00,25.00,0,37.09,0.78,78.09,18
AF198,Automóvel,Porto,50,26,Em Andamento,7,7,15/08/2025,21/08/2025,"23

VALOR DO CRÉDITO",18.00,0,2.00,0.038,20.00,25.00,0,39.21,0.79,79.18,15
AF200,Automóvel,Porto,50,27,Em Andamento,5,5,15/08/2025,21/08/2025,"22

VALOR DO CRÉDITO",18.00,0,2.00,0.038,20.00,25.00,0,37.69,0.82,82.10,23
AF201,Automóvel,Porto,72,48,Em Andamento,12,12,15/08/2025,21/08/2025,"23

VALOR DO CRÉDITO",18.00,0,2.00,0.038,20.00,25.00,0,46.80,0.86,85.96,8
AF202,Automóvel,Porto,72,48,Em Andamento,46,46,15/08/2025,21/08/2025,"23

VALOR DO CRÉDITO",18.00,0,2.00,0.038,20.00,25.00,0,49.43,0.87,86.68,14
AF203,Automóvel,Porto,72,48,Em Andamento,101,101,15/08/2025,21/08/2025,"23

VALOR DO CRÉDITO",18.00,0,2.00,0.038,20.00,25.00,0,47.97,0.88,87.97,12
AF204,Automóvel,Porto,90,66,Em Andamento,52,52,15/08/2025,21/08/2025,"23

VALOR DO CRÉDITO",15.00,0,2.00,0.038,20.00,25.00,0,58.93,0.89,88.84,12
AF205,Automóvel,Porto,72,49,Em Andamento,12,12,15/08/2025,21/08/2025,"22

VALOR DO CRÉDITO",18.00,0,2.00,0.038,20.00,25.00,0,50.17,0.87,86.56,11
AF206,Automóvel,Porto,72,48,Em Andamento,125,125,15/08/2025,21/08/2025,"23

VALOR DO CRÉDITO",18.00,0,2.00,0.038,20.00,25.00,0,51.74,0.85,85.24,8
AF207,Automóvel,Porto,72,48,Em Andamento,97,97,15/08/2025,21/08/2025,"23

VALOR DO CRÉDITO",18.00,0,2.00,0.038,20.00,25.00,0,49.59,0.87,87.40,11
AF208,Automóvel,Porto,90,66,Em Andamento,17,17,15/08/2025,21/08/2025,"23

VALOR DO CRÉDITO",15.00,0,2.00,0.038,20.00,25.00,0,56.83,0.89,88.84,13
AF209,Automóvel,Porto,90,66,Em Andamento,19,19,15/08/2025,21/08/2025,"23

VALOR DO CRÉDITO",15.00,0,2.00,0.038,20.00,25.00,0,56.59,0.91,90.56,17
AF210,Automóvel,Porto,90,68,Em Andamento,43,43,15/08/2025,21/08/2025,"21

VALOR DO CRÉDITO",15.00,0,2.00,0.038,20.00,25.00,0,57.67,0.90,89.90,16
AF211,Automóvel,Porto,80,56,Em Andamento,18,18,15/08/2025,21/08/2025,"23

VALOR DO CRÉDITO",16.00,0,2.00,0.038,20.00,25.00,0,55.37,0.87,87.37,16
AF212,Automóvel,Porto,80,57,Em Andamento,7,7,15/08/2025,21/08/2025,"22

VALOR DO CRÉDITO",16.00,0,2.00,0.038,20.00,25.00,0,53.85,0.88,87.90,13
AF214,Automóvel,Porto,72,48,Em Andamento,50,50,15/08/2025,21/08/2025,"23

VALOR DO CRÉDITO",18.00,0,2.00,0.038,20.00,25.00,0,48.34,0.86,85.96,5
AF216,Automóvel,Porto,72,48,Em Andamento,51,51,15/08/2025,21/08/2025,"23

VALOR DO CRÉDITO",18.00,0,2.00,0.038,20.00,25.00,0,52.17,0.88,87.71,12
AF217,Automóvel,Porto,80,56,Em Andamento,29,29,15/08/2025,21/08/2025,"23

VALOR DO CRÉDITO",16.00,0,2.00,0.038,20.00,25.00,0,54.44,0.87,87.36,12
AF218,Automóvel,Porto,80,56,Em Andamento,3,3,15/08/2025,21/08/2025,"23

VALOR DO CRÉDITO",16.00,0,2.00,0.038,20.00,25.00,0,53.07,0.87,87.37,15
AF219,Automóvel,Porto,72,48,Em Andamento,36,36,15/08/2025,21/08/2025,"23

VALOR DO CRÉDITO",18.00,0,2.00,0.038,20.00,25.00,0,51.39,0.85,85.26,11
AF222,Automóvel,Porto,72,48,Em Andamento,66,66,15/08/2025,21/08/2025,"23

VALOR DO CRÉDITO",18.00,0,2.00,0.038,20.00,25.00,0,49.73,0.87,87.27,13
AF223,Automóvel,Porto,80,56,Em Andamento,17,17,15/08/2025,21/08/2025,"23

VALOR DO CRÉDITO",16.00,0,2.00,0.038,20.00,25.00,0,54.61,0.87,87.37,18
AF224,Automóvel,Porto,80,57,Em Andamento,6,6,15/08/2025,21/08/2025,"22

VALOR DO CRÉDITO",16.00,0,2.00,0.038,20.00,25.00,0,54.43,0.88,87.92,13
AF225,Automóvel,Porto,72,52,Em Andamento,94,94,15/08/2025,21/08/2025,"19

VALOR DO CRÉDITO",18.00,0,2.00,0.038,20.00,25.00,0,49.77,0.85,85.33,8
AF226,Automóvel,Porto,72,51,Em Andamento,80,80,15/08/2025,21/08/2025,"20

VALOR DO CRÉDITO",18.00,0,2.00,0.038,20.00,25.00,0,49.20,0.84,84.40,11
AF227,Automóvel,Porto,72,52,Em Andamento,91,91,15/08/2025,21/08/2025,"19

VALOR DO CRÉDITO",18.00,0,2.00,0.038,20.00,25.00,0,49.33,0.84,84.40,14
AF229,Automóvel,Porto,72,49,Em Andamento,71,71,15/08/2025,21/08/2025,"22

VALOR DO CRÉDITO",18.00,0,2.00,0.038,20.00,25.00,0,50.53,0.87,86.57,8
AF230,Automóvel,Porto,72,48,Em Andamento,48,48,15/08/2025,21/08/2025,"23

VALOR DO CRÉDITO",18.00,0,2.00,0.038,20.00,25.00,0,52.35,0.86,85.95,11
AF231,Automóvel,Porto,72,49,Em Andamento,89,89,15/08/2025,21/08/2025,"22

VALOR DO CRÉDITO",18.00,0,2.00,0.038,20.00,25.00,0,49.32,0.87,86.57,16
AF232,Automóvel,Porto,80,60,Em Andamento,3,3,15/08/2025,21/08/2025,"19

VALOR DO CRÉDITO",16.00,0,2.00,0.038,20.00,25.00,0,55.03,0.86,85.93,10
AF233,Automóvel,Porto,72,51,Em Andamento,66,66,15/08/2025,21/08/2025,"20

VALOR DO CRÉDITO",18.00,0,2.00,0.038,20.00,25.00,0,49.64,0.82,82.30,9
AF234,Automóvel,Porto,80,59,Em Andamento,3,3,15/08/2025,21/08/2025,"20

VALOR DO CRÉDITO",16.00,0,2.00,0.038,20.00,25.00,0,53.63,0.87,86.82,14
AF235,Automóvel,Porto,80,59,Em Andamento,19,19,15/08/2025,21/08/2025,,16.00,0,2.00,0.038,20.00,25.00,0,56.12,0.86,85.92,12
AF237,Automóvel,Porto,72,51,Em Andamento,38,38,15/08/2025,21/08/2025,"20

VALOR DO CRÉDITO",18.00,0,2.00,0.038,20.00,25.00,0,49.09,0.84,84.40,11
AF238,Automóvel,Porto,72,52,Em Andamento,102,102,15/08/2025,21/08/2025,"19

VALOR DO CRÉDITO",18.00,0,2.00,0.038,20.00,15.00,0,47.01,0.82,81.94,7
AF242,Automóvel,Porto,72,53,Em Andamento,82,82,15/08/2025,21/08/2025,"18

VALOR DO CRÉDITO",18.00,0,2.00,0.038,20.00,25.00,0,49.75,0.84,84.46,14
AF243,Automóvel,Porto,72,55,Em Andamento,112,112,15/08/2025,21/08/2025,"16

VALOR DO CRÉDITO",18.00,0,2.00,0.038,20.00,25.00,0,50.27,0.86,85.54,10
AF244,Automóvel,Porto,90,73,Em Andamento,55,55,15/08/2025,21/08/2025,"16

VALOR DO CRÉDITO",15.00,0,2.00,0.038,20.00,25.00,0,58.94,0.89,89.39,13
AF245,Automóvel,Porto,50,38,Em Andamento,87,87,15/08/2025,21/08/2025,"11

VALOR DO CRÉDITO",18.00,0,2.00,0.038,20.00,30.00,0,51.17,0.92,91.67,8
I0429,Imóvel,Porto,240,236,Em Andamento,1,1,15/08/2025,21/08/2025,3,19.00,2.00,2.00,0.038,25.00,30.00,40.00,60.87,0.99,99.05,6
I0428,Imóvel,Porto,240,236,Em Andamento,6,6,15/08/2025,21/08/2025,3,19.00,2.00,2.00,0.038,25.00,30.00,40.00,65.27,0.50,99.05,3
I0420,Imóvel,Porto,240,236,Em Andamento,8,8,15/08/2025,21/08/2025,3,17.50,2.00,2.00,0.038,25.00,30.00,40.00,63.89,0.99,99.05,4
I0412,Imóvel,Porto,200,196,Em Andamento,261,261,15/08/2025,21/08/2025,3,19.00,2.00,2.00,0.038,0,30.00,0,66.50,0.99,99.24,1
I0411,Imóvel,Porto,200,193,Em Andamento,5,5,15/08/2025,21/08/2025,6,19.00,2.00,2.00,0.038,25.00,30.00,40.00,61.02,0.98,98.25,6
I0410,Imóvel,Porto,200,189,Em Andamento,3,3,15/08/2025,21/08/2025,10,23.00,2.00,2.00,0.038,25.00,30.00,40.00,61.00,0.98,98.27,1
I0410,Imóvel,Porto,200,189,Em Andamento,3,3,15/08/2025,21/08/2025,10,23.00,2.00,2.00,0.038,25.00,30.00,40.00,61.00,0.98,98.27,1
I0407,Imóvel,Porto,200,189,Em Andamento,14,14,15/08/2025,21/08/2025,10,19.00,2.00,2.00,0.038,25.00,30.00,40.00,70.46,0.98,98.18,0
I0401,Imóvel,Porto,200,189,Em Andamento,3,3,15/08/2025,21/08/2025,10,21.00,2.00,2.00,0.038,25.00,30.00,40.00,65.76,0.98,98.03,8
I0400,Imóvel,Porto,200,189,Em Andamento,6,6,15/08/2025,21/08/2025,10,23.00,2.00,2.00,0.038,25.00,30.00,40.00,57.00,0.98,98.27,2
I0396,Imóvel,Porto,200,189,Em Andamento,8,8,15/08/2025,21/08/2025,10,19.00,2.00,2.00,0.038,25.00,30.00,40.00,62.46,0.98,98.18,2
I0394,Imóvel,Porto,200,188,Em Andamento,19,19,15/08/2025,21/08/2025,11,19.00,2.00,2.00,0.038,25.00,30.00,40.00,63.74,0.98,97.98,1
I0393,Imóvel,Porto,200,188,Em Andamento,15,15,15/08/2025,21/08/2025,11,19.00,2.00,2.00,0.038,25.00,30.00,40.00,65.60,0.98,97.98,5
I0392,Imóvel,Porto,200,188,Em Andamento,49,49,15/08/2025,21/08/2025,11,19.00,2.00,2.00,0.038,25.00,30.00,40.00,65.64,0.98,97.98,0
I0391,Imóvel,Porto,200,188,Em Andamento,66,66,15/08/2025,21/08/2025,11,19.00,2.00,2.00,0.038,25.00,30.00,40.00,64.36,0.98,97.98,5
I0390,Imóvel,Porto,200,189,Em Andamento,2,2,15/08/2025,21/08/2025,10,21.00,2.00,2.00,0.038,25.00,30.00,40.00,62.50,0.98,98.22,1
I0389,Imóvel,Porto,200,189,Em Andamento,25,25,15/08/2025,21/08/2025,10,21.00,2.00,2.00,0.038,25.00,30.00,40.00,70.10,0.99,99.01,1
I0388,Imóvel,Porto,200,188,Em Andamento,43,43,15/08/2025,21/08/2025,11,21.00,2.00,2.00,0.038,25.00,30.00,40.00,62.38,0.98,98.03,3
I0385,Imóvel,Porto,200,188,Em Andamento,2,2,15/08/2025,21/08/2025,11,23.00,2.00,2.00,0.038,25.00,30.00,40.00,68.39,0.98,98.08,3
I0384,Imóvel,Porto,200,188,Em Andamento,88,88,15/08/2025,21/08/2025,11,19.00,2.00,2.00,0.038,25.00,30.00,40.00,63.92,0.49,98.98,1
I0383,Imóvel,Porto,200,188,Em Andamento,4,4,15/08/2025,21/08/2025,11,23.00,2.00,2.00,0.038,25.00,30.00,40.00,62.00,0.98,98.08,1
I0382,Imóvel,Porto,200,188,Em Andamento,34,34,15/08/2025,21/08/2025,11,23.00,2.00,2.00,0.038,25.00,30.00,40.00,64.46,0.98,98.08,2
I0381,Imóvel,Porto,200,188,Em Andamento,4,4,15/08/2025,21/08/2025,11,19.00,2.00,2.00,0.038,25.00,30.00,40.00,61.78,0.98,97.98,2
I0380,Imóvel,Porto,200,188,Em Andamento,99,99,15/08/2025,21/08/2025,11,19.00,2.00,2.00,0.038,25.00,30.00,40.00,-,0.98,97.98,1
I0379,Imóvel,Porto,200,189,Em Andamento,255,255,15/08/2025,21/08/2025,10,17.50,2.00,2.00,0.038,25.00,30.00,0,66.80,0.99,98.56,0
I0378,Imóvel,Porto,200,190,Em Andamento,78,78,15/08/2025,21/08/2025,9,17.50,2.00,2.00,0.038,25.00,30.00,0,62.72,0.49,98.35,3
I0377,Imóvel,Porto,200,188,Em Andamento,118,118,15/08/2025,21/08/2025,11,19.00,2.00,2.00,0.038,25.00,30.00,40.00,65.94,0.98,97.98,1
I0376,Imóvel,Porto,200,188,Em Andamento,88,88,15/08/2025,21/08/2025,11,19.00,2.00,2.00,0.038,25.00,30.00,40.00,72.05,0.98,97.97,2
I0375,Imóvel,Porto,200,188,Em Andamento,103,103,15/08/2025,21/08/2025,11,19.00,2.00,2.00,0.038,25.00,30.00,40.00,65.91,0.98,97.98,1
I0374,Imóvel,Porto,200,188,Em Andamento,74,74,15/08/2025,21/08/2025,11,19.00,2.00,2.00,0.038,25.00,30.00,40.00,63.37,0.98,97.97,2
I0373,Imóvel,Porto,200,188,Em Andamento,113,113,15/08/2025,21/08/2025,11,21.00,2.00,2.00,0.038,25.00,30.00,40.00,67.53,0.98,98.02,2
I0372,Imóvel,Porto,200,188,Em Andamento,153,153,15/08/2025,21/08/2025,11,21.00,2.00,2.00,0.038,25.00,30.00,40.00,61.75,0.98,98.03,1
I0371,Imóvel,Porto,200,188,Em Andamento,15,15,15/08/2025,21/08/2025,11,23.00,2.00,2.00,0.038,25.00,30.00,40.00,61.01,0.98,98.07,1
I0369,Imóvel,Porto,200,188,Em Andamento,57,57,15/08/2025,21/08/2025,11,23.00,2.00,2.00,0.038,25.00,30.00,40.00,60.00,0.98,98.08,1
I0368,Imóvel,Porto,200,188,Em Andamento,40,40,15/08/2025,21/08/2025,11,23.00,2.00,2.00,0.038,25.00,30.00,40.00,60.00,0.99,98.84,4
I0367,Imóvel,Porto,200,187,Em Andamento,89,89,15/08/2025,21/08/2025,12,23.00,2.00,2.00,0.038,25.00,30.00,40.00,67.53,0.96,95.88,2
I0365,Imóvel,Porto,200,188,Em Andamento,387,387,15/08/2025,21/08/2025,11,17.50,2.00,2.00,0.038,25.00,30.00,0,66.30,0.98,97.94,0
I0364,Imóvel,Porto,200,187,Em Andamento,178,178,15/08/2025,21/08/2025,12,17.50,2.00,2.00,0.038,25.00,30.00,0,64.28,0.97,97.26,4
I0363,Imóvel,Porto,200,185,Em Andamento,124,124,15/08/2025,21/08/2025,14,17.50,2.00,2.00,0.038,25.00,30.00,0,61.50,0.96,95.97,0
I0362,Imóvel,Porto,200,184,Em Andamento,59,59,15/08/2025,21/08/2025,15,19.00,2.00,2.00,0.038,25.00,30.00,40.00,63.21,0.97,97.18,1
I0361,Imóvel,Porto,200,184,Em Andamento,46,46,15/08/2025,21/08/2025,15,19.00,2.00,2.00,0.038,25.00,30.00,40.00,63.33,0.96,96.46,4
I0360,Imóvel,Porto,200,184,Em Andamento,54,54,15/08/2025,21/08/2025,15,19.00,2.00,2.00,0.038,25.00,30.00,40.00,62.97,0.96,96.46,4
I0359,Imóvel,Porto,200,184,Em Andamento,80,80,15/08/2025,21/08/2025,15,19.00,2.00,2.00,0.038,25.00,30.00,40.00,63.70,0.96,96.46,4
I0358,Imóvel,Porto,200,186,Em Andamento,105,105,15/08/2025,21/08/2025,13,21.00,2.00,2.00,0.038,25.00,30.00,40.00,62.58,0.97,97.14,2
I0357,Imóvel,Porto,200,184,Em Andamento,80,80,15/08/2025,21/08/2025,15,21.00,2.00,2.00,0.038,25.00,30.00,40.00,64.15,0.96,96.23,2
I0356,Imóvel,Porto,200,184,Em Andamento,87,87,15/08/2025,21/08/2025,15,21.00,2.00,2.00,0.038,25.00,30.00,40.00,61.16,0.97,96.83,5
I0355,Imóvel,Porto,200,184,Em Andamento,51,51,15/08/2025,21/08/2025,15,21.00,2.00,2.00,0.038,25.00,30.00,40.00,59.13,0.96,96.23,3
I0354,Imóvel,Porto,200,186,Em Andamento,119,119,15/08/2025,21/08/2025,13,23.00,2.00,2.00,0.038,25.00,30.00,40.00,57.30,0.97,97.21,0
I0350,Imóvel,Porto,200,183,Em Andamento,23,23,15/08/2025,21/08/2025,16,19.00,2.00,2.00,0.038,25.00,30.00,40.00,60.20,0.96,95.50,2
I0349,Imóvel,Porto,200,188,Em Andamento,151,151,15/08/2025,21/08/2025,11,21.00,2.00,2.00,0.038,25.00,30.00,40.00,64.30,0.98,98.41,1
I0347,Imóvel,Porto,200,188,Em Andamento,254,254,15/08/2025,21/08/2025,11,17.50,2.00,2.00,0.038,25.00,30.00,0,65.72,0.98,97.94,4
I0345,Imóvel,Porto,200,177,Em Andamento,38,38,15/08/2025,21/08/2025,22,19.00,2.00,2.00,0.038,25.00,30.00,40.00,61.48,0.95,94.86,4
I0344,Imóvel,Porto,200,177,Em Andamento,77,77,15/08/2025,21/08/2025,22,19.00,2.00,2.00,0.038,25.00,30.00,40.00,64.11,0.95,95.11,0
I0343,Imóvel,Porto,200,188,Em Andamento,138,138,15/08/2025,21/08/2025,11,21.00,2.00,2.00,0.038,25.00,30.00,40.00,63.00,0.98,97.83,0
I0341,Imóvel,Porto,200,177,Em Andamento,8,8,15/08/2025,21/08/2025,22,23.00,2.00,2.00,0.038,25.00,30.00,40.00,56.45,0.95,95.19,6
I0340,Imóvel,Porto,200,177,Em Andamento,45,45,15/08/2025,21/08/2025,22,23.00,2.00,2.00,0.038,25.00,30.00,40.00,57.60,0.95,95.19,10
I0339,Imóvel,Porto,200,181,Em Andamento,79,79,15/08/2025,21/08/2025,18,21.00,2.00,2.00,0.038,25.00,30.00,40.00,64.78,0.95,95.25,4
I0338,Imóvel,Porto,200,181,Em Andamento,57,57,15/08/2025,21/08/2025,18,19.00,2.00,2.00,0.038,25.00,30.00,40.00,61.99,0.95,94.85,1
I0337,Imóvel,Porto,200,177,Em Andamento,79,79,15/08/2025,21/08/2025,22,19.00,2.00,2.00,0.038,25.00,30.00,40.00,60.61,0.95,95.13,1
I0336,Imóvel,Porto,200,178,Em Andamento,65,65,15/08/2025,21/08/2025,21,19.00,2.00,2.00,0.038,25.00,30.00,40.00,63.00,0.95,95.36,4
I0335,Imóvel,Porto,200,177,Em Andamento,85,85,15/08/2025,21/08/2025,22,21.00,2.00,2.00,0.038,25.00,30.00,40.00,61.55,0.95,95.11,4
I0334,Imóvel,Porto,200,177,Em Andamento,46,46,15/08/2025,21/08/2025,22,21.00,2.00,2.00,0.038,25.00,30.00,40.00,59.80,0.95,95.11,1
I0332,Imóvel,Porto,200,184,Em Andamento,144,144,15/08/2025,21/08/2025,15,23.00,2.00,2.00,0.038,25.00,30.00,40.00,62.10,0.97,96.60,6
I0331,Imóvel,Porto,200,177,Em Andamento,60,60,15/08/2025,21/08/2025,22,19.00,2.00,2.00,0.038,25.00,30.00,40.00,63.11,0.95,95.11,3
I0330,Imóvel,Porto,200,176,Em Andamento,55,55,15/08/2025,21/08/2025,23,19.00,2.00,2.00,0.038,25.00,30.00,40.00,61.17,0.95,94.90,8
I0329,Imóvel,Porto,200,177,Em Andamento,70,70,15/08/2025,21/08/2025,22,21.00,2.00,2.00,0.038,25.00,30.00,40.00,60.66,0.95,95.15,7
I0328,Imóvel,Porto,200,177,Em Andamento,63,63,15/08/2025,21/08/2025,22,21.00,2.00,2.00,0.038,25.00,30.00,40.00,60.56,0.95,95.40,2
I0327,Imóvel,Porto,200,178,Em Andamento,208,208,15/08/2025,21/08/2025,21,17.50,2.00,2.00,0.038,25.00,30.00,0,62.19,0.95,95.33,4
I0326,Imóvel,Porto,200,177,Em Andamento,244,244,15/08/2025,21/08/2025,22,17.50,2.00,2.00,0.038,25.00,30.00,0,61.13,0.95,95.08,4
I0325,Imóvel,Porto,200,176,Em Andamento,67,67,15/08/2025,21/08/2025,23,21.00,2.00,2.00,0.038,25.00,30.00,40.00,64.14,0.96,95.70,3
I0324,Imóvel,Porto,200,177,Em Andamento,126,126,15/08/2025,21/08/2025,22,23.00,2.00,2.00,0.038,25.00,30.00,40.00,62.79,0.95,95.19,2
I0323,Imóvel,Porto,200,177,Em Andamento,103,103,15/08/2025,21/08/2025,22,23.00,2.00,2.00,0.038,25.00,30.00,40.00,58.65,0.95,95.19,2
I0322,Imóvel,Porto,200,177,Em Andamento,140,140,15/08/2025,21/08/2025,22,23.00,2.00,2.00,0.038,25.00,30.00,40.00,60.82,0.95,95.19,4
I0321,Imóvel,Porto,200,176,Em Andamento,68,68,15/08/2025,21/08/2025,23,19.00,2.00,2.00,0.038,25.00,30.00,40.00,62.05,0.95,94.90,2
I0320,Imóvel,Porto,200,177,Em Andamento,73,73,15/08/2025,21/08/2025,22,19.00,2.00,2.00,0.038,25.00,30.00,40.00,60.07,0.95,95.11,0
I0319,Imóvel,Porto,200,176,Em Andamento,50,50,15/08/2025,21/08/2025,23,19.00,2.00,2.00,0.038,25.00,30.00,40.00,60.85,0.95,94.65,5
I0318,Imóvel,Porto,200,177,Em Andamento,216,216,15/08/2025,21/08/2025,22,23.00,2.00,2.00,0.038,25.00,30.00,40.00,58.71,0.95,95.19,2
I0317,Imóvel,Porto,200,176,Em Andamento,187,187,15/08/2025,21/08/2025,23,23.00,2.00,2.00,0.038,25.00,30.00,40.00,64.64,0.95,95.19,4
I0316,Imóvel,Porto,200,176,Em Andamento,19,19,15/08/2025,21/08/2025,23,21.00,2.00,2.00,0.038,25.00,30.00,40.00,56.26,0.95,95.19,9
I0315,Imóvel,Porto,200,176,Em Andamento,95,95,15/08/2025,21/08/2025,23,21.00,2.00,2.00,0.038,25.00,30.00,40.00,63.82,0.95,94.94,0
I0314,Imóvel,Porto,200,176,Em Andamento,232,232,15/08/2025,21/08/2025,23,23.00,2.00,2.00,0.038,25.00,30.00,40.00,61.60,0.95,94.73,1
I0313,Imóvel,Porto,200,176,Em Andamento,24,24,15/08/2025,21/08/2025,23,19.00,2.00,2.00,0.038,25.00,30.00,40.00,57.52,0.95,94.61,5
I0312,Imóvel,Porto,200,176,Em Andamento,54,54,15/08/2025,21/08/2025,23,19.00,2.00,2.00,0.038,25.00,30.00,40.00,61.84,0.95,94.90,4
I0311,Imóvel,Porto,200,177,Em Andamento,46,46,15/08/2025,21/08/2025,22,19.00,2.00,2.00,0.038,25.00,30.00,40.00,61.89,0.97,96.74,6
I0310,Imóvel,Porto,200,176,Em Andamento,257,257,15/08/2025,21/08/2025,23,17.50,2.00,0.50,0.038,25.00,30.00,0,64.39,0.92,92.48,5
I0309,Imóvel,Porto,200,176,Em Andamento,48,48,15/08/2025,21/08/2025,23,19.00,2.00,2.00,0.038,25.00,30.00,40.00,63.88,0.95,94.87,1
I0308,Imóvel,Porto,200,176,Em Andamento,255,255,15/08/2025,21/08/2025,23,23.00,2.00,2.00,0.038,25.00,30.00,40.00,61.77,0.95,94.98,0
I0307,Imóvel,Porto,200,175,Em Andamento,167,167,15/08/2025,21/08/2025,24,23.00,2.00,0.50,0.038,25.00,30.00,40.00,61.25,0.92,92.40,12
I0306,Imóvel,Porto,200,176,Em Andamento,102,102,15/08/2025,21/08/2025,23,19.00,2.00,0.50,0.038,25.00,30.00,40.00,61.80,0.93,92.60,3
I0305,Imóvel,Porto,200,173,Em Andamento,50,50,15/08/2025,21/08/2025,26,19.00,2.00,0.50,0.038,25.00,30.00,40.00,60.58,0.93,93.22,6
I0304,Imóvel,Porto,200,173,Em Andamento,81,81,15/08/2025,21/08/2025,26,19.00,2.00,0.50,0.038,25.00,30.00,40.00,62.91,0.94,93.68,4
I0303,Imóvel,Porto,200,176,Em Andamento,48,48,15/08/2025,21/08/2025,23,21.00,2.00,2.00,0.038,25.00,30.00,40.00,61.88,0.95,94.94,5
I0302,Imóvel,Porto,200,176,Em Andamento,75,75,15/08/2025,21/08/2025,23,21.00,2.00,2.00,0.038,25.00,30.00,40.00,61.92,0.95,94.94,2
I0301,Imóvel,Porto,200,175,Em Andamento,44,44,15/08/2025,21/08/2025,24,21.00,2.00,0.50,0.038,25.00,30.00,40.00,66.02,0.92,91.88,4
I0300,Imóvel,Porto,200,173,Em Andamento,162,162,15/08/2025,21/08/2025,26,21.00,2.00,0.50,0.038,25.00,30.00,40.00,58.83,0.93,93.39,7
I0299,Imóvel,Porto,200,176,Em Andamento,81,81,15/08/2025,21/08/2025,23,23.00,2.00,2.00,0.038,25.00,30.00,40.00,59.08,0.95,94.73,4
I0298,Imóvel,Porto,200,174,Em Andamento,111,111,15/08/2025,21/08/2025,25,23.00,2.00,0.50,0.038,25.00,30.00,40.00,56.13,0.94,93.76,3
I0297,Imóvel,Porto,200,173,Em Andamento,58,58,15/08/2025,21/08/2025,26,23.00,2.00,0.50,0.038,25.00,30.00,40.00,62.75,0.94,93.75,7
I0296,Imóvel,Porto,200,172,Em Andamento,109,109,15/08/2025,21/08/2025,27,19.00,2.00,0.50,0.038,25.00,30.00,40.00,62.24,0.94,93.57,2
I0295,Imóvel,Porto,200,173,Em Andamento,119,119,15/08/2025,21/08/2025,26,21.00,2.00,0.50,0.038,25.00,30.00,40.00,60.04,0.93,93.42,5
I0294,Imóvel,Porto,200,172,Em Andamento,168,168,15/08/2025,21/08/2025,27,23.00,2.00,0.50,0.038,25.00,30.00,40.00,60.85,0.93,93.15,4
I0293,Imóvel,Porto,200,172,Em Andamento,114,114,15/08/2025,21/08/2025,27,21.00,2.00,0.50,0.038,25.00,30.00,40.00,63.75,0.91,91.14,4
I0292,Imóvel,Porto,200,172,Em Andamento,154,154,15/08/2025,21/08/2025,27,23.00,2.00,0.50,0.038,25.00,30.00,40.00,59.49,0.91,91.23,2
I0291,Imóvel,Porto,200,165,Em Andamento,184,184,15/08/2025,21/08/2025,34,23.00,2.00,0.50,0.038,25.00,30.00,40.00,57.88,0.93,92.51,5
I0290,Imóvel,Porto,200,176,Em Andamento,248,248,15/08/2025,21/08/2025,23,17.50,2.00,2.00,0.038,25.00,30.00,0,62.84,0.96,95.62,2
I0289,Imóvel,Porto,200,174,Em Andamento,190,190,15/08/2025,21/08/2025,25,17.50,2.00,0.50,0.038,25.00,30.00,0,63.79,0.94,93.55,2
I0288,Imóvel,Porto,200,164,Em Andamento,81,81,15/08/2025,21/08/2025,35,17.50,2.00,0.50,0.038,25.00,30.00,0,64.58,0.93,93.20,4
I0287,Imóvel,Porto,200,165,Em Andamento,73,73,15/08/2025,21/08/2025,34,21.00,2.00,0.50,0.038,25.00,30.00,40.00,62.44,0.97,96.96,4
I0286,Imóvel,Porto,200,164,Em Andamento,52,52,15/08/2025,21/08/2025,35,21.00,2.00,0.50,0.038,25.00,30.00,40.00,62.99,0.92,92.20,6
I0285,Imóvel,Porto,200,164,Em Andamento,104,104,15/08/2025,21/08/2025,35,21.00,2.00,0.50,0.038,25.00,30.00,40.00,63.22,0.90,89.64,1
I0284,Imóvel,Porto,200,172,Em Andamento,34,34,15/08/2025,21/08/2025,27,19.00,2.00,0.50,0.038,25.00,30.00,40.00,58.98,0.45,90.29,7
I0283,Imóvel,Porto,200,164,Em Andamento,69,69,15/08/2025,21/08/2025,35,19.00,2.00,0.50,0.038,25.00,30.00,40.00,60.85,0.46,92.37,2
I0282,Imóvel,Porto,200,164,Em Andamento,30,30,15/08/2025,21/08/2025,35,19.00,2.00,0.50,0.038,25.00,30.00,40.00,64.55,0.46,92.10,0
I0281,Imóvel,Porto,200,162,Em Andamento,26,26,15/08/2025,21/08/2025,37,21.00,2.00,0.50,0.038,25.00,30.00,40.00,56.29,0.91,91.15,0
I0280,Imóvel,Porto,200,164,Em Andamento,37,37,15/08/2025,21/08/2025,35,19.00,2.00,0.50,0.038,25.00,30.00,40.00,64.07,0.93,92.61,2
I0279,Imóvel,Porto,200,162,Em Andamento,71,71,15/08/2025,21/08/2025,37,21.00,2.00,0.50,0.038,25.00,30.00,40.00,61.37,0.88,87.83,1
I0278,Imóvel,Porto,200,164,Em Andamento,144,144,15/08/2025,21/08/2025,35,23.00,2.00,0.50,0.038,25.00,30.00,40.00,58.57,0.92,92.28,0
I0277,Imóvel,Porto,200,164,Em Andamento,186,186,15/08/2025,21/08/2025,35,23.00,2.00,0.50,0.038,25.00,30.00,40.00,58.20,0.92,92.28,4
I0276,Imóvel,Porto,200,162,Em Andamento,117,117,15/08/2025,21/08/2025,37,23.00,2.00,0.50,0.038,25.00,30.00,40.00,58.07,0.89,88.88,4
I0275,Imóvel,Porto,200,162,Em Andamento,14,14,15/08/2025,21/08/2025,37,19.00,2.00,0.50,0.038,25.00,30.00,40.00,59.76,0.88,88.16,2
I0274,Imóvel,Porto,200,162,Em Andamento,63,63,15/08/2025,21/08/2025,37,17.50,2.00,0.50,0.038,25.00,30.00,0,62.85,0.88,88.37,0
I0273,Imóvel,Porto,200,160,Em Andamento,23,23,15/08/2025,21/08/2025,39,19.00,2.00,0.50,0.038,25.00,30.00,40.00,63.08,0.86,85.79,3
I0272,Imóvel,Porto,200,161,Em Andamento,72,72,15/08/2025,21/08/2025,38,21.00,2.00,0.50,0.038,25.00,30.00,40.00,61.40,0.88,87.83,1
I0271,Imóvel,Porto,200,162,Em Andamento,69,69,15/08/2025,21/08/2025,37,23.00,2.00,0.50,0.038,25.00,30.00,40.00,61.83,0.88,88.18,7
I0270,Imóvel,Porto,200,160,Em Andamento,25,25,15/08/2025,21/08/2025,39,17.50,2.00,0.50,0.038,25.00,30.00,0,66.42,0.88,88.47,2
I0269,Imóvel,Porto,200,159,Em Andamento,54,54,15/08/2025,21/08/2025,40,21.00,2.00,0.50,0.038,25.00,30.00,40.00,64.67,0.85,85.39,0
I0268,Imóvel,Porto,200,161,Em Andamento,94,94,15/08/2025,21/08/2025,38,23.00,2.00,0.50,0.038,25.00,30.00,40.00,53.03,0.91,90.51,2
I0267,Imóvel,Porto,200,158,Em Andamento,113,113,15/08/2025,21/08/2025,41,23.00,2.00,0.50,0.038,25.00,30.00,40.00,53.78,0.85,85.02,1
I0266,Imóvel,Porto,200,157,Em Andamento,30,30,15/08/2025,21/08/2025,42,19.00,2.00,0.50,0.038,25.00,30.00,40.00,64.00,0.85,84.54,4
I0265,Imóvel,Porto,200,156,Em Andamento,129,129,15/08/2025,21/08/2025,43,23.00,2.00,0.50,0.038,25.00,30.00,40.00,59.39,0.85,84.74,4
I0264,Imóvel,Porto,200,157,Em Andamento,18,18,15/08/2025,21/08/2025,42,21.00,2.00,0.50,0.038,25.00,30.00,40.00,60.12,0.85,85.06,0
I0263,Imóvel,Porto,200,156,Em Andamento,51,51,15/08/2025,21/08/2025,43,19.00,2.00,0.50,0.038,25.00,30.00,40.00,64.82,0.77,77.14,2
I0262,Imóvel,Porto,200,153,Em Andamento,112,112,15/08/2025,21/08/2025,46,23.00,2.00,0.50,0.038,25.00,30.00,40.00,62.93,0.83,83.41,0
I0261,Imóvel,Porto,200,152,Em Andamento,95,95,15/08/2025,21/08/2025,47,23.00,2.00,0.50,0.038,25.00,30.00,40.00,61.38,0.83,83.41,0
I0260,Imóvel,Porto,200,154,Em Andamento,133,133,15/08/2025,21/08/2025,45,23.00,2.00,0.50,0.038,25.00,30.00,40.00,59.80,0.84,83.99,1
I0259,Imóvel,Porto,200,156,Em Andamento,52,52,15/08/2025,21/08/2025,43,23.00,2.00,0.50,0.038,25.00,30.00,40.00,59.14,0.84,83.89,1
I0258,Imóvel,Porto,200,155,Em Andamento,34,34,15/08/2025,21/08/2025,44,19.00,2.00,0.50,0.038,25.00,30.00,40.00,63.53,0.85,84.55,2
I0257,Imóvel,Porto,200,154,Em Andamento,56,56,15/08/2025,21/08/2025,45,19.00,2.00,0.50,0.038,25.00,30.00,40.00,62.14,0.84,83.67,1
I0256,Imóvel,Porto,200,153,Em Andamento,44,44,15/08/2025,21/08/2025,46,19.00,2.00,0.50,0.038,25.00,30.00,40.00,60.97,0.81,81.11,5
I0255,Imóvel,Porto,200,152,Em Andamento,46,46,15/08/2025,21/08/2025,47,19.00,2.00,0.50,0.038,25.00,30.00,40.00,56.99,0.83,83.28,1
I0254,Imóvel,Porto,200,152,Em Andamento,28,28,15/08/2025,21/08/2025,47,19.00,2.00,0.50,0.038,25.00,30.00,40.00,58.20,0.83,82.77,2
I0253,Imóvel,Porto,200,150,Em Andamento,40,40,15/08/2025,21/08/2025,49,19.00,2.00,0.50,0.038,25.00,30.00,40.00,60.67,0.83,82.52,1
I0252,Imóvel,Porto,200,150,Em Andamento,28,28,15/08/2025,21/08/2025,49,19.00,2.00,0.50,0.038,25.00,30.00,40.00,63.53,0.82,82.00,2
I0251,Imóvel,Porto,200,149,Em Andamento,28,28,15/08/2025,21/08/2025,50,19.00,2.00,0.50,0.038,25.00,30.00,40.00,58.60,0.82,82.14,2
I0250,Imóvel,Porto,200,148,Em Andamento,61,61,15/08/2025,21/08/2025,51,19.00,2.00,0.50,0.038,25.00,30.00,40.00,60.17,0.81,81.27,0
I0249,Imóvel,Porto,200,147,Em Andamento,37,37,15/08/2025,21/08/2025,52,19.00,2.00,0.50,0.038,25.00,30.00,40.00,66.76,0.81,80.89,1
I0248,Imóvel,Porto,200,155,Em Andamento,55,55,15/08/2025,21/08/2025,44,21.00,2.00,0.50,0.038,25.00,30.00,40.00,58.74,0.84,83.95,6
I0247,Imóvel,Porto,200,153,Em Andamento,54,54,15/08/2025,21/08/2025,46,21.00,2.00,0.50,0.038,25.00,30.00,40.00,60.92,0.84,83.72,2
I0246,Imóvel,Porto,200,152,Em Andamento,89,89,15/08/2025,21/08/2025,47,21.00,2.00,0.50,0.038,25.00,30.00,40.00,63.14,0.83,83.35,2
I0245,Imóvel,Porto,200,152,Em Andamento,71,71,15/08/2025,21/08/2025,47,21.00,2.00,0.50,0.038,25.00,30.00,40.00,67.22,0.83,82.77,2
I0244,Imóvel,Porto,200,150,Em Andamento,58,58,15/08/2025,21/08/2025,49,21.00,2.00,0.50,0.038,25.00,30.00,40.00,59.62,0.82,81.64,2
I0243,Imóvel,Porto,200,149,Em Andamento,7,7,15/08/2025,21/08/2025,50,21.00,2.00,0.50,0.038,25.00,30.00,40.00,58.60,0.82,82.21,0
I0242,Imóvel,Porto,200,147,Em Andamento,23,23,15/08/2025,21/08/2025,52,21.00,2.00,0.50,0.038,25.00,30.00,40.00,59.51,0.81,80.89,0
I0239,Imóvel,Porto,200,143,Em Andamento,12,12,15/08/2025,21/08/2025,56,21.00,2.00,0.50,0.038,25.00,30.00,40.00,65.20,0.75,74.64,1
I0237,Imóvel,Porto,200,152,Em Andamento,81,81,15/08/2025,21/08/2025,47,23.00,2.00,0.50,0.038,25.00,30.00,40.00,58.94,0.83,82.77,0
I0236,Imóvel,Porto,200,152,Em Andamento,132,132,15/08/2025,21/08/2025,47,23.00,2.00,0.50,0.038,25.00,30.00,40.00,61.00,0.83,82.69,1
I0235,Imóvel,Porto,200,150,Em Andamento,97,97,15/08/2025,21/08/2025,49,23.00,2.00,0.50,0.038,25.00,30.00,40.00,63.52,0.82,82.02,1
I0234,Imóvel,Porto,200,149,Em Andamento,22,22,15/08/2025,21/08/2025,50,23.00,2.00,0.50,0.038,25.00,30.00,40.00,62.33,0.83,83.19,4
I0233,Imóvel,Porto,200,149,Em Andamento,13,13,15/08/2025,21/08/2025,50,23.00,2.00,0.50,0.038,25.00,30.00,40.00,62.30,0.85,85.17,5
I0232,Imóvel,Porto,200,148,Em Andamento,80,80,15/08/2025,21/08/2025,51,23.00,2.00,0.50,0.038,25.00,30.00,40.00,60.01,0.81,81.27,4
I0231,Imóvel,Porto,200,145,Em Andamento,31,31,15/08/2025,21/08/2025,54,23.00,2.00,0.50,0.038,25.00,30.00,40.00,60.19,0.80,79.77,3
I0225,Imóvel,Porto,200,147,Em Andamento,28,28,15/08/2025,21/08/2025,52,19.00,2.00,0.50,0.038,25.00,30.00,40.00,59.40,0.40,80.89,1
I0224,Imóvel,Porto,200,145,Em Andamento,52,52,15/08/2025,21/08/2025,54,19.00,2.00,0.50,0.038,25.00,30.00,40.00,60.00,0.40,80.14,5
I0223,Imóvel,Porto,200,143,Em Andamento,43,43,15/08/2025,21/08/2025,56,19.00,2.00,0.50,0.038,25.00,30.00,40.00,60.60,0.40,79.39,4
I0221,Imóvel,Porto,200,142,Em Andamento,63,63,15/08/2025,21/08/2025,57,19.00,2.00,0.50,0.038,25.00,30.00,40.00,61.78,0.40,79.02,6
I0220,Imóvel,Porto,200,141,Em Andamento,23,23,15/08/2025,21/08/2025,58,19.00,2.00,0.50,0.038,25.00,30.00,40.00,63.37,0.39,78.64,3
I0219,Imóvel,Porto,200,140,Em Andamento,70,70,15/08/2025,21/08/2025,59,19.00,2.00,0.50,0.038,25.00,30.00,40.00,67.47,0.39,78.26,1
I0218,Imóvel,Porto,200,140,Em Andamento,37,37,15/08/2025,21/08/2025,59,19.00,2.00,0.50,0.038,25.00,30.00,40.00,62.13,0.39,78.26,4
I0190,Imóvel,Porto,200,104,Em Andamento,1,1,15/08/2025,21/08/2025,95,21.00,2.00,0.50,0.038,0,30.00,40.00,52.58,0.27,53.00,2
CA021,Imóvel,Porto,200,132,Em Andamento,13,13,15/08/2025,21/08/2025,67,18.00,2.00,0.50,0.038,30.00,0,40.00,57.56,0.72,71.68,3
CA020,Imóvel,Porto,200,131,Em Andamento,9,9,15/08/2025,21/08/2025,68,18.00,2.00,0.50,0.038,30.00,0,40.00,59.98,0.78,77.84,0
CA019,Imóvel,Porto,200,130,Em Andamento,30,30,15/08/2025,21/08/2025,69,18.00,2.00,0.50,0.038,30.00,0,40.00,53.07,0.79,78.50,5
CA018,Imóvel,Porto,200,130,Em Andamento,39,39,15/08/2025,21/08/2025,69,18.00,2.00,0.50,0.038,30.00,0,40.00,60.37,0.77,77.47,4
CA017,Imóvel,Porto,200,130,Em Andamento,4,4,15/08/2025,21/08/2025,69,18.00,2.00,0.50,0.038,30.00,0,40.00,54.49,0.77,77.09,1
CA016,Imóvel,Porto,200,130,Em Andamento,53,53,15/08/2025,21/08/2025,69,18.00,2.00,0.50,0.038,30.00,0,40.00,58.30,0.77,77.48,2
CA015,Imóvel,Porto,200,130,Em Andamento,69,69,15/08/2025,21/08/2025,69,18.00,2.00,0.50,0.038,30.00,0,40.00,59.28,0.79,78.99,2
CA014,Imóvel,Porto,200,130,Em Andamento,27,27,15/08/2025,21/08/2025,69,18.00,2.00,0.50,0.038,30.00,0,40.00,55.15,0.76,76.22,4
CA013,Imóvel,Porto,200,129,Em Andamento,5,5,15/08/2025,21/08/2025,70,18.00,2.00,0.50,0.038,30.00,0,40.00,57.80,0.77,76.92,1
